survived,pclass,sex,age,sibsp,parch,fare,embarked,class,who,adult_male,deck,embark_town,alive,alone
0,3,male,32.48824818305749,1,0,6.1545,C,Third,man,True,,Cherbourg,no,False
1,3,male,27.550768274919328,1,0,13.2567,S,Third,man,True,,Southampton,yes,False
1,2,female,16.96199887005298,8,0,0.5875,Q,Second,woman,False,B,Queenstown,yes,False
0,3,female,9.218231430395456,0,0,16.4663,S,Third,child,False,C,Southampton,no,True
0,1,male,4.414202308822979,0,0,25.7031,C,First,child,False,,Cherbourg,no,True
0,2,male,31.425766887782633,0,5,31.1209,S,Second,man,True,,Southampton,no,False
0,3,male,7.58287319161489,0,0,35.0699,S,Third,child,False,,Southampton,no,True
1,1,male,13.259673871240192,0,0,58.2713,S,First,child,False,,Southampton,yes,True
0,1,male,26.53847976612581,0,1,7.8137,C,First,man,True,,Cherbourg,no,False
1,1,female,,0,0,4.1339,S,First,woman,False,B,Southampton,yes,True
0,1,male,40.99520582463802,0,0,61.4189,Q,First,man,True,F,Queenstown,no,True
1,1,female,0.42,0,0,5.4846,C,First,child,False,,Cherbourg,yes,True
1,3,male,28.578100325674793,0,0,118.4744,S,Third,man,True,D,Southampton,yes,True
0,2,male,,0,1,59.524,C,Second,man,True,,Cherbourg,no,False
0,3,female,37.50189494263623,0,0,22.3758,S,Third,woman,False,B,Southampton,no,True
0,3,male,29.095628365346542,0,1,128.341,S,Third,man,True,G,Southampton,no,False
0,2,male,58.95966547558196,1,0,3.2989,S,Second,man,True,,Southampton,no,False
0,2,male,32.83659478274326,0,0,11.6263,S,Second,man,True,,Southampton,no,True
0,2,female,44.97737978903307,0,1,32.7387,C,Second,woman,False,,Cherbourg,no,False
0,3,female,19.209789271380824,1,0,13.8716,S,Third,woman,False,,Southampton,no,False
0,2,male,31.45097368974728,0,0,84.8881,S,Second,man,True,,Southampton,no,True
0,3,male,52.13976637791943,0,0,2.1857,S,Third,man,True,,Southampton,no,True
0,2,male,,1,0,25.6699,S,Second,man,True,,Southampton,no,False
0,3,female,,0,0,28.7776,S,Third,woman,False,,Southampton,no,True
0,2,female,43.92237501249339,1,0,34.0562,C,Second,woman,False,,Cherbourg,no,False
1,2,male,18.937671957221298,1,0,9.5076,S,Second,man,True,,Southampton,yes,False
0,3,male,0.42,0,0,14.601,S,Third,child,False,A,Southampton,no,True
0,3,male,33.40581797882935,0,2,59.7585,S,Third,man,True,,Southampton,no,False
0,1,female,44.035702955691036,0,0,6.9823,S,First,woman,False,,Southampton,no,True
0,3,female,10.104036409066413,0,1,56.4691,C,Third,child,False,,Cherbourg,no,False
0,3,male,39.41818851052141,0,0,26.6305,S,Third,man,True,,Southampton,no,True
0,3,male,39.516012616423296,0,0,46.248,C,Third,man,True,,Cherbourg,no,True
0,3,male,0.42,0,1,40.2626,S,Third,child,False,,Southampton,no,False
1,2,female,16.1238148301018,0,0,7.489,S,Second,woman,False,E,Southampton,yes,True
1,1,male,23.960482679390896,0,0,27.0871,Q,First,man,True,C,Queenstown,yes,True
1,2,female,27.095451996589063,0,0,65.136,C,Second,woman,False,C,Cherbourg,yes,True
0,3,male,,0,0,18.22,S,Third,man,True,,Southampton,no,True
0,3,male,,1,0,109.4453,S,Third,man,True,,Southampton,no,False
1,2,male,53.93650192214034,0,0,19.3803,S,Second,man,True,,Southampton,yes,True
0,1,male,,0,1,4.961,S,First,man,True,,Southampton,no,False
0,3,male,,3,0,15.8865,C,Third,man,True,,Cherbourg,no,False
0,3,female,29.103042584768023,0,2,97.578,C,Third,woman,False,,Cherbourg,no,False
0,3,male,37.48781707938658,0,2,12.4051,S,Third,man,True,,Southampton,no,False
1,1,male,30.448582462312515,0,0,65.2275,Q,First,man,True,F,Queenstown,yes,True
0,2,male,26.71694993299439,0,0,68.6098,S,Second,man,True,,Southampton,no,True
1,1,female,20.27475830427843,0,2,13.8805,S,First,woman,False,,Southampton,yes,False
0,3,female,20.099102740719815,0,2,2.7991,S,Third,woman,False,E,Southampton,no,False
0,1,male,21.031778395962284,0,0,41.518,S,First,man,True,G,Southampton,no,True
0,3,female,,1,0,12.0189,S,Third,woman,False,,Southampton,no,False
0,2,male,15.284388660174086,0,0,49.1857,n,Second,child,False,A,,no,True
1,3,male,35.40240374031822,0,0,18.8232,S,Third,man,True,,Southampton,yes,True
1,3,female,50.188423956589034,1,0,21.3842,S,Third,woman,False,,Southampton,yes,False
1,3,female,,0,0,48.4504,C,Third,woman,False,,Cherbourg,yes,True
1,1,female,24.341009830701513,1,0,15.5157,S,First,woman,False,,Southampton,yes,False
0,1,male,,0,0,18.8505,S,First,man,True,,Southampton,no,True
1,1,male,,1,0,15.1955,C,First,man,True,,Cherbourg,yes,False
0,3,female,,0,0,14.7419,Q,Third,woman,False,,Queenstown,no,True
0,3,male,42.00414949989835,1,0,24.0352,Q,Third,man,True,,Queenstown,no,False
0,3,male,,2,0,53.2727,S,Third,man,True,,Southampton,no,False
0,3,male,26.266855257021135,0,0,14.4595,S,Third,man,True,,Southampton,no,True
0,3,male,,0,0,23.9205,S,Third,man,True,,Southampton,no,True
0,1,male,,0,0,35.77,S,First,man,True,,Southampton,no,True
1,3,female,34.48594251178301,0,3,10.109,Q,Third,woman,False,,Queenstown,yes,False
0,2,male,38.68893181973917,0,0,10.4672,S,Second,man,True,,Southampton,no,True
0,2,male,13.908338315856833,0,0,87.2378,S,Second,child,False,,Southampton,no,True
0,3,male,27.44058862222801,0,0,41.3986,S,Third,man,True,,Southampton,no,True
0,1,female,,0,4,27.7185,S,First,woman,False,C,Southampton,no,False
1,1,male,,0,0,33.5952,C,First,man,True,,Cherbourg,yes,True
0,3,male,29.755144603786217,0,0,0.9575,S,Third,man,True,D,Southampton,no,True
1,1,female,6.11836936755703,0,0,30.9959,S,First,child,False,,Southampton,yes,True
1,3,female,22.015902342793904,0,0,22.9376,S,Third,woman,False,,Southampton,yes,True
0,2,female,32.95707388814078,0,0,25.4092,S,Second,woman,False,,Southampton,no,True
0,2,female,41.902160959576506,0,0,14.3415,S,Second,woman,False,,Southampton,no,True
1,2,male,,0,0,2.7365,S,Second,man,True,,Southampton,yes,True
1,2,female,61.42092318097528,0,0,6.9182,S,Second,woman,False,,Southampton,yes,True
1,3,male,2.2301405018640104,0,0,96.9458,S,Third,child,False,,Southampton,yes,True
1,2,female,21.526347461660436,1,0,16.9189,Q,Second,woman,False,,Queenstown,yes,False
0,3,female,28.496012749354787,0,1,20.2422,Q,Third,woman,False,,Queenstown,no,False
0,3,female,26.789137128483468,0,0,1.7436,Q,Third,woman,False,,Queenstown,no,True
0,3,female,,0,1,1.2329,S,Third,woman,False,,Southampton,no,False
1,3,male,,1,0,40.667,S,Third,man,True,,Southampton,yes,False
1,3,male,,2,0,24.8711,S,Third,man,True,,Southampton,yes,False
0,1,female,30.395440966732426,0,0,22.8849,C,First,woman,False,,Cherbourg,no,True
0,1,female,,0,2,8.9695,Q,First,woman,False,C,Queenstown,no,False
0,2,male,,1,0,43.9696,C,Second,man,True,,Cherbourg,no,False
0,3,male,6.248237223425765,0,0,5.9315,S,Third,child,False,B,Southampton,no,True
1,1,male,19.308721884242452,0,0,6.7826,Q,First,man,True,,Queenstown,yes,True
1,3,female,31.977291430436896,0,0,19.8837,S,Third,woman,False,,Southampton,yes,True
1,3,female,32.05979401527274,0,0,10.8599,S,Third,woman,False,B,Southampton,yes,True
0,2,male,30.299996262494794,2,0,9.1546,S,Second,man,True,B,Southampton,no,False
0,3,male,,8,0,33.3691,S,Third,man,True,,Southampton,no,False
1,1,female,,1,0,33.8938,S,First,woman,False,,Southampton,yes,False
1,1,female,30.08687532810277,0,0,56.0349,S,First,woman,False,,Southampton,yes,True
0,3,male,37.99534528687136,1,0,17.4133,S,Third,man,True,,Southampton,no,False
1,3,male,28.469097631715876,0,0,2.4438,S,Third,man,True,,Southampton,yes,True
0,3,male,11.671803038111566,0,0,10.2958,C,Third,child,False,A,Cherbourg,no,True
0,2,male,,1,0,125.9759,S,Second,man,True,,Southampton,no,False
0,2,male,41.74735870205082,0,0,29.2048,S,Second,man,True,,Southampton,no,True
0,3,female,49.890846362667304,0,3,39.8304,C,Third,woman,False,,Cherbourg,no,False
0,3,female,,0,2,0.2378,C,Third,woman,False,,Cherbourg,no,False
0,3,male,33.066261271259506,1,1,23.5137,S,Third,man,True,A,Southampton,no,False
1,2,female,12.254577270757952,0,0,1.2317,S,Second,child,False,,Southampton,yes,True
0,3,male,29.6079024267934,0,0,27.1182,S,Third,man,True,,Southampton,no,True
0,2,male,52.352699413281115,0,0,81.6402,S,Second,man,True,,Southampton,no,True
1,1,male,,1,0,111.2576,S,First,man,True,,Southampton,yes,False
0,3,male,26.691575921083846,1,0,25.0429,C,Third,man,True,,Cherbourg,no,False
0,1,female,38.815065876197636,0,1,19.7343,S,First,woman,False,,Southampton,no,False
1,3,female,11.293769504073733,0,1,93.4036,C,Third,child,False,,Cherbourg,yes,False
0,2,male,19.61276502120107,0,1,36.0531,C,Second,man,True,,Cherbourg,no,False
0,1,male,13.979224830176289,4,0,2.1607,Q,First,child,False,D,Queenstown,no,False
0,3,female,36.50879136605227,0,0,20.1844,S,Third,woman,False,D,Southampton,no,True
0,3,male,40.05450074594134,2,0,8.8472,C,Third,man,True,,Cherbourg,no,False
1,3,male,27.469522605623684,0,0,20.4312,S,Third,man,True,,Southampton,yes,True
1,3,female,,1,0,19.5719,S,Third,woman,False,A,Southampton,yes,False
1,3,male,29.413638143747903,1,0,28.0984,S,Third,man,True,A,Southampton,yes,False
1,3,male,22.64459158522979,1,0,14.2084,S,Third,man,True,,Southampton,yes,False
1,3,male,18.155524781940702,4,0,5.7783,C,Third,man,True,,Cherbourg,yes,False
0,2,female,34.61540843698407,0,0,22.5598,S,Second,woman,False,D,Southampton,no,True
1,3,male,,0,1,57.0955,S,Third,man,True,,Southampton,yes,False
0,1,male,,0,0,35.1199,S,First,man,True,E,Southampton,no,True
1,3,female,10.210340179733791,1,1,13.3001,S,Third,child,False,,Southampton,yes,False
1,3,male,6.452723231168729,0,0,88.2746,S,Third,child,False,,Southampton,yes,True
0,1,female,33.28892279035496,0,0,78.3355,C,First,woman,False,,Cherbourg,no,True
0,3,male,31.880878853554375,0,0,7.5637,S,Third,man,True,,Southampton,no,True
0,3,female,31.15754137036835,0,0,1.2949,S,Third,woman,False,,Southampton,no,True
0,1,male,,0,4,43.5383,S,First,man,True,,Southampton,no,False
1,3,male,46.98340341369819,0,0,56.6075,S,Third,man,True,,Southampton,yes,True
1,3,male,21.112135303035828,1,0,110.697,S,Third,man,True,B,Southampton,yes,False
0,1,male,35.593923419957065,0,0,71.0264,S,First,man,True,,Southampton,no,True
0,3,female,6.7955751426147835,0,2,29.5476,Q,Third,child,False,,Queenstown,no,False
0,2,female,49.69129132081858,0,0,24.3153,S,Second,woman,False,,Southampton,no,True
0,3,male,11.649947045836722,0,0,0.9092,S,Third,child,False,E,Southampton,no,True
0,3,male,19.403823773913654,1,0,9.1201,S,Third,man,True,,Southampton,no,False
0,3,female,21.03321205087016,1,0,19.8182,C,Third,woman,False,D,Cherbourg,no,False
1,3,female,7.569070547527925,0,0,31.885,S,Third,child,False,,Southampton,yes,True
0,3,male,30.172345872424145,1,0,26.2351,S,Third,man,True,,Southampton,no,False
0,3,male,32.80160608892148,1,0,43.7039,C,Third,man,True,,Cherbourg,no,False
1,2,male,26.953501770767527,1,1,10.5674,S,Second,man,True,,Southampton,yes,False
0,3,female,,0,0,26.8001,S,Third,woman,False,,Southampton,no,True
1,1,male,58.459100405349815,3,0,2.9711,S,First,man,True,,Southampton,yes,False
1,3,male,37.6638465492739,0,0,17.1904,S,Third,man,True,,Southampton,yes,True
0,1,male,67.8962196329244,0,0,44.6594,S,First,man,True,,Southampton,no,True
0,1,female,,0,0,38.0673,S,First,woman,False,D,Southampton,no,True
0,1,male,43.58929230856616,0,0,150.4256,S,First,man,True,,Southampton,no,True
0,3,male,40.99947136721537,0,0,10.4837,S,Third,man,True,,Southampton,no,True
0,2,male,25.486661005088248,0,0,22.2029,S,Second,man,True,,Southampton,no,True
0,3,male,50.16023806535875,0,0,12.8728,Q,Third,man,True,,Queenstown,no,True
0,1,male,23.82155488960021,1,0,18.7049,C,First,man,True,,Cherbourg,no,False
0,2,male,24.467074418343195,1,0,62.6149,C,Second,man,True,C,Cherbourg,no,False
0,3,male,0.42,0,0,37.1161,S,Third,child,False,,Southampton,no,True
1,3,male,35.630906779268244,1,0,68.9343,S,Third,man,True,,Southampton,yes,False
0,2,male,10.480106280605106,1,2,7.3269,S,Second,child,False,,Southampton,no,False
0,3,female,,1,1,66.5386,S,Third,woman,False,,Southampton,no,False
0,3,female,14.8198152381971,0,0,1.9842,Q,Third,child,False,,Queenstown,no,True
1,3,male,24.389642679885206,1,0,70.6668,S,Third,man,True,,Southampton,yes,False
0,1,female,36.136263338152816,3,1,12.8509,S,First,woman,False,F,Southampton,no,False
1,1,male,29.861552664206982,1,1,12.1631,S,First,man,True,,Southampton,yes,False
1,3,male,39.9897987123342,0,1,23.1074,S,Third,man,True,,Southampton,yes,False
0,1,male,48.05162826599165,0,0,90.9644,S,First,man,True,D,Southampton,no,True
1,3,male,24.352458918171386,0,0,1.5765,S,Third,man,True,,Southampton,yes,True
0,3,female,22.76077499076635,0,1,13.9819,S,Third,woman,False,,Southampton,no,False
1,3,female,43.58705097809914,0,0,62.5299,C,Third,woman,False,,Cherbourg,yes,True
1,3,female,44.73718568672898,0,0,16.2375,S,Third,woman,False,,Southampton,yes,True
0,3,male,40.43856758749418,1,0,7.1513,Q,Third,man,True,,Queenstown,no,False
0,2,male,15.893407302279433,1,0,17.8075,C,Second,child,False,,Cherbourg,no,False
1,3,male,35.82849844977326,0,0,15.6824,S,Third,man,True,,Southampton,yes,True
0,2,male,31.28732375868569,3,0,79.5344,C,Second,man,True,,Cherbourg,no,False
0,3,male,,0,0,46.2137,S,Third,man,True,F,Southampton,no,True
0,3,male,21.39335470170264,0,0,22.6505,Q,Third,man,True,,Queenstown,no,True
0,3,male,5.5341507783262145,1,0,143.4258,S,Third,child,False,,Southampton,no,False
1,3,male,39.708433605513946,1,0,20.1574,S,Third,man,True,,Southampton,yes,False
0,3,female,0.42,3,0,1.9321,S,Third,child,False,,Southampton,no,False
0,2,female,19.093055643503213,0,0,9.7947,S,Second,woman,False,,Southampton,no,True
0,2,female,14.86366508588473,1,1,18.445,Q,Second,child,False,D,Queenstown,no,False
1,3,male,14.76594727186667,0,0,5.4957,S,Third,child,False,,Southampton,yes,True
0,1,male,18.839043671151114,1,0,94.9315,S,First,man,True,A,Southampton,no,False
1,1,male,,1,0,46.8854,S,First,man,True,,Southampton,yes,False
0,2,female,41.5980535755924,0,1,10.0582,Q,Second,woman,False,,Queenstown,no,False
1,2,male,,0,0,28.7727,S,Second,man,True,,Southampton,yes,True
0,2,male,46.13754034195621,1,0,41.1566,S,Second,man,True,,Southampton,no,False
0,1,female,14.296691250087576,0,0,91.2856,S,First,child,False,,Southampton,no,True
0,1,male,12.324890906666205,0,0,68.7143,S,First,child,False,,Southampton,no,True
1,1,male,,1,1,23.3129,S,First,man,True,,Southampton,yes,False
1,3,male,,0,1,47.9816,S,Third,man,True,,Southampton,yes,False
0,2,male,23.026180677041815,1,0,26.5929,S,Second,man,True,,Southampton,no,False
1,2,male,13.235817041377107,0,0,25.906,C,Second,child,False,,Cherbourg,yes,True
1,3,male,50.86611218805013,0,0,3.9244,S,Third,man,True,,Southampton,yes,True
0,1,male,4.758513011256635,1,0,4.3416,S,First,child,False,,Southampton,no,False
0,3,male,21.022823937518375,0,0,24.2798,S,Third,man,True,,Southampton,no,True
0,3,female,33.01435964900951,0,0,10.0835,C,Third,woman,False,,Cherbourg,no,True
0,1,male,,1,0,0.6846,Q,First,man,True,,Queenstown,no,False
1,2,male,,0,0,41.3177,S,Second,man,True,,Southampton,yes,True
1,3,male,36.66441746869283,0,2,1.0634,S,Third,man,True,C,Southampton,yes,False
1,3,female,21.443936347852155,0,0,29.1266,S,Third,woman,False,,Southampton,yes,True
0,3,male,37.94296326648168,1,1,24.9478,S,Third,man,True,,Southampton,no,False
0,3,male,,1,0,111.6634,S,Third,man,True,D,Southampton,no,False
1,1,female,6.667264163945408,1,0,21.3184,S,First,child,False,,Southampton,yes,False
1,3,female,41.197555375650055,0,0,2.116,S,Third,woman,False,,Southampton,yes,True
1,1,male,43.770704152779345,1,0,25.833,Q,First,man,True,,Queenstown,yes,False
1,3,female,41.34879320790686,0,0,59.2305,S,Third,woman,False,,Southampton,yes,True
1,3,male,30.183254922154127,1,0,185.476,S,Third,man,True,,Southampton,yes,False
0,3,male,15.835435194330115,0,6,18.1196,S,Third,child,False,,Southampton,no,False
0,3,male,0.42,1,0,12.4325,S,Third,child,False,,Southampton,no,False
1,1,male,31.977277278321033,1,0,76.3602,S,First,man,True,,Southampton,yes,False
0,1,female,45.38815986624231,0,2,6.8346,S,First,woman,False,,Southampton,no,False
0,1,male,44.13522080170467,0,0,30.7712,S,First,man,True,,Southampton,no,True
0,1,male,41.53305622921079,1,0,16.7567,S,First,man,True,,Southampton,no,False
1,3,female,28.623940811033833,0,0,1.3508,Q,Third,woman,False,,Queenstown,yes,True
0,2,female,45.468230523456704,4,1,13.7372,S,Second,woman,False,D,Southampton,no,False
0,1,male,43.10034644591059,0,3,9.9239,S,First,man,True,,Southampton,no,False
0,3,male,23.571813369537406,0,3,37.3086,S,Third,man,True,,Southampton,no,False
1,3,male,39.51067124092978,0,0,95.6929,S,Third,man,True,E,Southampton,yes,True
1,3,female,,0,1,10.0477,S,Third,woman,False,,Southampton,yes,False
0,3,female,37.53035135844537,3,0,53.7249,C,Third,woman,False,E,Cherbourg,no,False
1,1,female,10.862808657634528,0,0,1.8338,Q,First,child,False,C,Queenstown,yes,True
0,2,male,11.977928774242638,1,0,24.873,Q,Second,child,False,,Queenstown,no,False
0,3,male,45.04400218068666,0,0,2.3558,S,Third,man,True,,Southampton,no,True
1,3,male,43.29462177196909,0,4,87.5389,C,Third,man,True,,Cherbourg,yes,False
1,1,male,38.887367338349556,0,2,46.8168,S,First,man,True,,Southampton,yes,False
1,3,male,30.97554790526604,0,0,34.5441,S,Third,man,True,,Southampton,yes,True
1,1,female,0.42,4,0,55.9212,S,First,child,False,,Southampton,yes,False
0,1,male,28.6142988960059,0,0,33.5769,C,First,man,True,,Cherbourg,no,True
0,3,male,,0,1,111.7976,S,Third,man,True,,Southampton,no,False
0,3,female,21.946367910385923,0,0,40.302,S,Third,woman,False,,Southampton,no,True
0,3,male,19.368834204280553,0,0,83.2604,S,Third,man,True,,Southampton,no,True
0,1,female,,0,0,23.442,S,First,woman,False,,Southampton,no,True
1,3,male,,1,0,4.009,S,Third,man,True,,Southampton,yes,False
0,2,male,36.29452995981452,0,0,24.1871,C,Second,man,True,,Cherbourg,no,True
1,1,male,,0,2,4.3687,S,First,man,True,,Southampton,yes,False
1,3,male,15.179162390676373,0,0,28.9059,S,Third,child,False,,Southampton,yes,True
1,3,female,32.50150762935581,5,0,21.2112,S,Third,woman,False,,Southampton,yes,False
0,3,male,48.83484516992084,0,0,31.3752,S,Third,man,True,,Southampton,no,True
0,3,male,56.07873615784595,0,0,0.3251,S,Third,man,True,G,Southampton,no,True
0,3,male,,0,3,6.9782,S,Third,man,True,,Southampton,no,False
0,3,male,26.249818563467418,0,0,21.7658,S,Third,man,True,,Southampton,no,True
1,1,female,33.60084898799423,0,0,96.7885,S,First,woman,False,B,Southampton,yes,True
0,2,male,33.232737181899054,0,0,15.5807,S,Second,man,True,,Southampton,no,True
0,2,female,49.807991958901724,1,0,17.7839,S,Second,woman,False,,Southampton,no,False
1,2,female,15.252320507077524,0,0,40.3853,S,Second,child,False,,Southampton,yes,True
0,3,male,25.641840250592686,1,0,29.8113,S,Third,man,True,,Southampton,no,False
1,3,female,13.501450760290599,0,0,11.4356,Q,Third,child,False,,Queenstown,yes,True
1,1,male,,0,0,17.0344,S,First,man,True,,Southampton,yes,True
1,1,male,35.1603232195173,0,0,7.9056,S,First,man,True,,Southampton,yes,True
0,3,male,41.442938703736885,0,0,108.9012,S,Third,man,True,,Southampton,no,True
0,1,female,20.283820440715694,1,0,4.5077,S,First,woman,False,,Southampton,no,False
1,3,female,40.895374440141694,0,0,14.9716,Q,Third,woman,False,,Queenstown,yes,True
0,3,male,45.81789052841354,0,1,0.843,S,Third,man,True,,Southampton,no,False
1,3,female,57.75323697728416,0,2,8.074,S,Third,woman,False,F,Southampton,yes,False
1,3,male,30.71132930819521,8,0,48.8239,S,Third,man,True,,Southampton,yes,False
1,3,male,20.42341435206007,0,0,7.2326,S,Third,man,True,,Southampton,yes,True
0,2,male,15.164156991714526,2,0,2.6871,C,Second,child,False,,Cherbourg,no,False
0,3,female,,0,0,20.7148,S,Third,woman,False,,Southampton,no,True
1,3,male,47.8218201703523,0,1,0.3226,S,Third,man,True,,Southampton,yes,False
0,2,male,,0,0,2.8521,S,Second,man,True,,Southampton,no,True
0,3,male,,0,0,53.0757,S,Third,man,True,G,Southampton,no,True
0,3,male,17.107605075843843,0,1,47.5305,C,Third,man,True,G,Cherbourg,no,False
1,3,male,,0,1,79.429,S,Third,man,True,,Southampton,yes,False
1,3,male,27.502445902355294,2,0,62.0715,S,Third,man,True,,Southampton,yes,False
0,3,female,,1,0,37.0109,S,Third,woman,False,F,Southampton,no,False
0,3,male,43.21370644691384,1,0,1.7308,S,Third,man,True,,Southampton,no,False
0,3,male,55.99348730375024,0,0,49.1746,S,Third,man,True,,Southampton,no,True
1,3,male,20.167233715479497,0,2,60.1377,S,Third,man,True,,Southampton,yes,False
0,3,female,23.43255133211291,0,1,51.6765,S,Third,woman,False,,Southampton,no,False
0,3,female,,1,1,22.8701,S,Third,woman,False,,Southampton,no,False
1,3,male,37.54532307064325,2,0,8.5375,S,Third,man,True,,Southampton,yes,False
1,1,female,27.47447795514008,0,1,60.1001,Q,First,woman,False,,Queenstown,yes,False
1,3,male,49.815232460262635,0,0,41.8239,S,Third,man,True,,Southampton,yes,True
1,3,male,46.32604679014794,0,0,127.2166,S,Third,man,True,,Southampton,yes,True
0,1,male,12.510795872871046,0,0,5.4495,S,First,child,False,,Southampton,no,True
0,3,male,37.254038400835014,0,0,8.2352,S,Third,man,True,,Southampton,no,True
1,1,male,51.74491894098779,0,0,7.6636,S,First,man,True,,Southampton,yes,True
1,2,female,,1,0,50.6447,C,Second,woman,False,,Cherbourg,yes,False
1,3,female,25.43315935899343,0,0,6.6625,S,Third,woman,False,F,Southampton,yes,True
1,1,female,,0,0,2.2213,S,First,woman,False,,Southampton,yes,True
0,3,male,22.347403574909166,8,0,210.7063,S,Third,man,True,,Southampton,no,False
0,3,male,5.507452497289805,0,0,0.8092,S,Third,child,False,,Southampton,no,True
1,3,female,,0,0,58.0659,S,Third,woman,False,B,Southampton,yes,True
1,1,male,30.823368921689834,0,1,14.6416,S,First,man,True,,Southampton,yes,False
1,2,male,51.64717063246529,0,0,59.3359,S,Second,man,True,E,Southampton,yes,True
1,3,male,20.806268218484895,0,0,26.0443,S,Third,man,True,,Southampton,yes,True
1,3,female,20.380019107245907,1,0,74.6728,S,Third,woman,False,,Southampton,yes,False
0,3,male,54.37205552110065,0,1,83.9229,S,Third,man,True,A,Southampton,no,False
0,2,male,13.630266803668189,0,0,0.2943,S,Second,child,False,,Southampton,no,True
0,3,female,5.611974140756882,0,0,2.5247,S,Third,child,False,C,Southampton,no,True
0,3,male,17.686526176006254,0,0,9.2788,S,Third,man,True,,Southampton,no,True
0,3,male,20.08962505748169,1,0,35.6322,S,Third,man,True,,Southampton,no,False
0,1,male,4.361930271921551,1,0,70.5724,S,First,child,False,,Southampton,no,False
0,3,male,27.843395259018134,0,0,19.8377,S,Third,man,True,F,Southampton,no,True
0,3,female,,1,0,30.0708,S,Third,woman,False,,Southampton,no,False
0,3,male,,0,0,6.7256,S,Third,man,True,,Southampton,no,True
0,2,male,30.96988417482704,5,0,52.6337,S,Second,man,True,E,Southampton,no,False
0,3,female,,0,0,110.1639,S,Third,woman,False,,Southampton,no,True
1,3,female,28.49092800852275,5,0,10.0719,S,Third,woman,False,,Southampton,yes,False
0,1,female,32.39254255124536,1,0,21.9878,C,First,woman,False,,Cherbourg,no,False
0,3,male,32.56124530763056,0,0,2.8997,S,Third,man,True,,Southampton,no,True
0,3,male,17.915444624682735,0,0,26.3725,S,Third,man,True,,Southampton,no,True
1,1,female,51.42944729417209,8,0,22.4991,S,First,woman,False,,Southampton,yes,False
0,2,female,47.792474094105124,1,1,5.023,S,Second,woman,False,,Southampton,no,False
1,3,male,46.953715259996926,0,2,18.7892,S,Third,man,True,,Southampton,yes,False
0,1,male,44.39829823788602,1,0,13.0933,S,First,man,True,,Southampton,no,False
0,3,male,,0,0,23.7569,S,Third,man,True,,Southampton,no,True
0,2,female,43.12790447827351,0,0,28.37,S,Second,woman,False,,Southampton,no,True
0,3,male,39.20622069946786,0,1,0.2747,S,Third,man,True,,Southampton,no,False
1,1,male,7.420407583315143,0,0,46.0884,S,First,child,False,F,Southampton,yes,True
1,3,male,26.583799850323864,1,0,40.196,S,Third,man,True,,Southampton,yes,False
1,3,female,33.71350501521668,0,1,14.6883,S,Third,woman,False,,Southampton,yes,False
0,3,female,,1,0,1.7513,S,Third,woman,False,,Southampton,no,False
0,3,male,,0,1,45.2803,S,Third,man,True,,Southampton,no,False
1,1,female,17.163796954464626,0,0,99.9808,S,First,woman,False,,Southampton,yes,True
0,3,female,54.283132647553465,0,0,8.8433,S,Third,woman,False,,Southampton,no,True
0,1,male,30.334806559351392,0,1,12.5857,S,First,man,True,,Southampton,no,False
0,1,male,25.990303514905168,0,0,6.5402,S,First,man,True,,Southampton,no,True
0,2,male,24.95678614946222,0,0,27.6995,C,Second,man,True,,Cherbourg,no,True
1,3,female,6.158449048664568,0,0,5.417,Q,Third,child,False,,Queenstown,yes,True
1,3,male,,0,2,14.1795,S,Third,man,True,,Southampton,yes,False
1,3,male,36.91353623093204,0,0,38.4489,S,Third,man,True,,Southampton,yes,True
0,2,female,24.11194175088437,0,0,26.4441,S,Second,woman,False,,Southampton,no,True
0,2,male,35.7965609200896,1,0,15.7302,S,Second,man,True,E,Southampton,no,False
0,3,female,,1,0,17.5541,S,Third,woman,False,,Southampton,no,False
0,2,male,27.656545242974513,0,0,26.5904,S,Second,man,True,F,Southampton,no,True
0,3,male,34.28983473582516,0,0,0.1894,Q,Third,man,True,,Queenstown,no,True
1,1,female,32.450082717419605,0,0,2.6328,S,First,woman,False,,Southampton,yes,True
1,3,female,,3,2,68.6118,S,Third,woman,False,,Southampton,yes,False
0,3,male,,0,0,2.6107,S,Third,man,True,,Southampton,no,True
1,1,female,54.02321248953279,0,0,39.5066,C,First,woman,False,D,Cherbourg,yes,True
1,1,female,22.55953192220749,0,0,81.3438,S,First,woman,False,F,Southampton,yes,True
0,3,male,29.929209389621672,0,0,10.1639,S,Third,man,True,,Southampton,no,True
0,3,female,28.442041617040307,0,2,14.9027,S,Third,woman,False,,Southampton,no,False
0,2,male,,1,0,27.0952,C,Second,man,True,,Cherbourg,no,False
0,3,male,,0,0,68.7344,S,Third,man,True,,Southampton,no,True
0,1,male,41.40919949737274,0,0,91.6311,C,First,man,True,,Cherbourg,no,True
1,2,female,15.587986456098262,0,0,43.3217,S,Second,child,False,,Southampton,yes,True
0,3,female,34.90815421328516,0,0,2.9174,S,Third,woman,False,,Southampton,no,True
0,2,male,37.93515527458941,1,0,35.6165,S,Second,man,True,,Southampton,no,False
0,3,male,19.57022988385721,0,0,17.0064,S,Third,man,True,,Southampton,no,True
0,2,male,17.077501965208512,1,0,20.4857,S,Second,man,True,,Southampton,no,False
1,2,male,54.42270513450193,0,0,1.6228,C,Second,man,True,,Cherbourg,yes,True
1,3,female,25.338351972854532,0,0,6.8275,S,Third,woman,False,,Southampton,yes,True
0,2,female,53.117163874211656,3,4,50.3317,S,Second,woman,False,,Southampton,no,False
0,3,male,44.15785945467074,0,0,19.483,S,Third,man,True,,Southampton,no,True
0,1,female,35.61421334444216,1,0,11.5615,S,First,woman,False,,Southampton,no,False
0,1,male,36.26170582721252,0,0,15.6022,S,First,man,True,D,Southampton,no,True
0,1,female,9.393916375203869,1,0,62.0458,S,First,child,False,,Southampton,no,False
0,3,female,32.69823430759904,0,0,44.51,S,Third,woman,False,,Southampton,no,True
0,2,male,,0,2,10.236,S,Second,man,True,,Southampton,no,False
0,3,male,39.57942279619133,1,0,4.025,Q,Third,man,True,,Queenstown,no,False
1,3,female,,2,2,9.3493,S,Third,woman,False,G,Southampton,yes,False
0,3,male,54.52308933934694,1,0,81.6344,C,Third,man,True,,Cherbourg,no,False
0,1,male,27.01690952141834,1,0,28.0556,S,First,man,True,D,Southampton,no,False
1,3,male,20.716442712185575,1,2,24.551,S,Third,man,True,,Southampton,yes,False
0,3,male,31.930562783134725,0,0,29.2155,S,Third,man,True,E,Southampton,no,True
1,3,male,40.81377683761814,0,2,14.6752,S,Third,man,True,,Southampton,yes,False
1,3,female,4.791985610780216,0,0,52.989,C,Third,child,False,,Cherbourg,yes,True
0,3,female,33.830595330611054,0,2,23.855,S,Third,woman,False,,Southampton,no,False
0,3,male,41.4500027252765,0,0,3.9975,S,Third,man,True,G,Southampton,no,True
1,1,female,25.790196433195515,0,0,4.4497,C,First,woman,False,,Cherbourg,yes,True
0,1,male,45.75098911138831,0,0,24.7851,S,First,man,True,D,Southampton,no,True
0,3,female,,1,0,88.8019,S,Third,woman,False,,Southampton,no,False
1,3,female,60.75005521841062,0,0,11.8714,S,Third,woman,False,,Southampton,yes,True
0,3,male,18.81625798507238,0,0,65.5817,C,Third,man,True,E,Cherbourg,no,True
0,3,female,41.74529283219329,0,0,46.5074,S,Third,woman,False,,Southampton,no,True
1,1,male,,1,0,9.1696,S,First,man,True,C,Southampton,yes,False
0,1,male,6.27718645648747,1,1,1.192,S,First,child,False,,Southampton,no,False
0,3,female,0.42,0,0,3.4588,Q,Third,child,False,,Queenstown,no,True
1,2,male,37.505698324755436,0,0,41.9814,S,Second,man,True,,Southampton,yes,True
0,1,male,32.37159475218949,0,0,7.1719,S,First,man,True,,Southampton,no,True
1,3,male,22.75375966825457,0,0,14.9426,S,Third,man,True,,Southampton,yes,True
1,1,female,3.9841871577306094,0,0,22.429,Q,First,child,False,,Queenstown,yes,True
0,3,male,19.689393920989197,0,0,41.6246,C,Third,man,True,G,Cherbourg,no,True
0,2,male,,0,2,3.8695,Q,Second,man,True,G,Queenstown,no,False
0,3,female,41.20095581849992,0,1,16.7921,S,Third,woman,False,,Southampton,no,False
0,2,female,29.460231621409427,3,0,21.3721,S,Second,woman,False,E,Southampton,no,False
0,3,male,,3,0,25.0622,S,Third,man,True,,Southampton,no,False
1,1,male,24.24608047587503,0,0,54.9246,C,First,man,True,,Cherbourg,yes,True
0,1,male,55.06375093664374,0,0,6.065,S,First,man,True,,Southampton,no,True
0,2,male,14.935380157240695,0,0,53.1101,S,Second,child,False,,Southampton,no,True
1,3,male,,0,0,38.0125,C,Third,man,True,A,Cherbourg,yes,True
0,3,female,22.56080792709406,3,0,26.1348,S,Third,woman,False,,Southampton,no,False
1,2,female,37.5692137706625,0,0,38.7173,S,Second,woman,False,,Southampton,yes,True
0,3,male,14.636533048090232,1,0,17.1001,S,Third,child,False,F,Southampton,no,False
0,3,male,31.66791956294598,0,2,4.7966,S,Third,man,True,,Southampton,no,False
1,3,female,32.09119707968508,5,0,35.2884,C,Third,woman,False,D,Cherbourg,yes,False
1,1,male,19.63180942436599,0,1,23.9488,S,First,man,True,B,Southampton,yes,False
1,3,female,34.484702183874425,1,5,32.8413,S,Third,woman,False,F,Southampton,yes,False
1,1,male,,0,0,13.2821,S,First,man,True,,Southampton,yes,True
1,2,male,13.502424934304681,0,0,76.4339,S,Second,child,False,,Southampton,yes,True
0,3,female,,0,0,28.5036,S,Third,woman,False,,Southampton,no,True
0,1,male,5.633544010568087,0,3,2.8745,S,First,child,False,,Southampton,no,False
1,3,female,0.42,2,4,19.2389,S,Third,child,False,,Southampton,yes,False
1,3,male,37.4260828615536,2,0,45.4679,S,Third,man,True,,Southampton,yes,False
1,3,male,44.91006416757197,1,0,50.8931,S,Third,man,True,F,Southampton,yes,False
0,3,female,,0,1,21.9733,S,Third,woman,False,,Southampton,no,False
0,1,male,20.012975544582325,1,0,72.4949,C,First,man,True,,Cherbourg,no,False
1,2,female,44.28026077663112,0,1,10.031,S,Second,woman,False,,Southampton,yes,False
0,3,male,13.089695839015661,0,2,17.0225,C,Third,child,False,,Cherbourg,no,False
1,1,male,9.931096941543203,0,0,73.6946,S,First,child,False,G,Southampton,yes,True
1,2,female,39.96072814377307,0,0,72.9599,S,Second,woman,False,D,Southampton,yes,True
0,1,male,29.831053704428456,0,0,37.2698,S,First,man,True,A,Southampton,no,True
1,1,male,45.140712719708446,0,0,63.0752,S,First,man,True,,Southampton,yes,True
1,2,male,0.42,0,0,2.9934,S,Second,child,False,,Southampton,yes,True
0,1,male,9.390227128780836,1,1,64.4787,S,First,child,False,,Southampton,no,False
1,3,male,,0,2,12.4477,Q,Third,man,True,,Queenstown,yes,False
0,3,female,,0,2,6.3247,S,Third,woman,False,,Southampton,no,False
1,3,female,41.98145777149715,0,0,8.8102,S,Third,woman,False,,Southampton,yes,True
0,1,female,32.234857647727274,0,1,17.4276,C,First,woman,False,G,Cherbourg,no,False
1,1,female,,0,0,9.3146,S,First,woman,False,,Southampton,yes,True
0,1,female,24.05367762606212,0,0,12.4452,C,First,woman,False,,Cherbourg,no,True
0,3,female,52.768121121115506,0,0,4.669,S,Third,woman,False,,Southampton,no,True
1,3,male,13.70615989567778,1,0,11.3095,Q,Third,child,False,E,Queenstown,yes,False
0,1,female,34.905792212061115,0,2,27.3473,S,First,woman,False,,Southampton,no,False
0,3,female,15.376771898473711,1,0,18.7769,S,Third,child,False,,Southampton,no,False
1,1,male,37.454288914172636,0,0,13.7091,S,First,man,True,D,Southampton,yes,True
1,3,male,,0,0,44.1849,S,Third,man,True,D,Southampton,yes,True
0,3,male,40.48532762825664,1,0,72.1185,S,Third,man,True,,Southampton,no,False
1,3,male,31.325521728955497,0,0,45.5252,S,Third,man,True,C,Southampton,yes,True
0,3,female,54.997268012250885,0,0,12.9917,S,Third,woman,False,,Southampton,no,True
0,3,male,25.625215114562007,1,0,43.9307,S,Third,man,True,F,Southampton,no,False
0,2,male,,0,0,5.3082,C,Second,man,True,,Cherbourg,no,True
1,3,female,18.394983933319708,1,1,4.496,C,Third,woman,False,,Cherbourg,yes,False
1,1,male,25.52555140660123,0,0,13.6553,S,First,man,True,,Southampton,yes,True
1,3,male,31.233367451943117,1,0,53.0885,S,Third,man,True,,Southampton,yes,False
1,3,male,,0,0,9.107,C,Third,man,True,,Cherbourg,yes,True
0,3,female,9.144452954320805,0,0,2.104,S,Third,child,False,,Southampton,no,True
0,3,female,38.39795984761685,0,0,4.5476,C,Third,woman,False,B,Cherbourg,no,True
0,3,male,,0,0,63.0215,Q,Third,man,True,,Queenstown,no,True
0,3,female,21.10256527080368,0,2,32.3459,S,Third,woman,False,,Southampton,no,False
0,3,male,19.013700383957044,0,0,9.4011,C,Third,man,True,,Cherbourg,no,True
1,1,female,,0,1,26.0931,S,First,woman,False,F,Southampton,yes,False
0,1,female,31.331985367619314,0,6,24.1463,S,First,woman,False,,Southampton,no,False
0,2,female,,0,0,34.3083,S,Second,woman,False,,Southampton,no,True
0,1,male,0.42,2,0,8.5495,S,First,child,False,G,Southampton,no,False
1,3,female,50.18609382316343,0,0,64.3378,C,Third,woman,False,,Cherbourg,yes,True
1,1,female,,0,2,11.9188,S,First,woman,False,,Southampton,yes,False
0,3,male,,0,2,38.1441,S,Third,man,True,,Southampton,no,False
0,2,female,45.44593709668056,0,0,0.5234,S,Second,woman,False,,Southampton,no,True
1,1,male,45.00067334430012,2,1,15.0136,S,First,man,True,A,Southampton,yes,False
0,3,female,29.706459665719404,0,0,13.956,Q,Third,woman,False,,Queenstown,no,True
1,3,male,,4,3,25.2491,S,Third,man,True,,Southampton,yes,False
1,3,female,44.42080732914354,0,2,2.4317,S,Third,woman,False,D,Southampton,yes,False
0,3,male,26.202149538688403,1,0,50.273,S,Third,man,True,,Southampton,no,False
0,3,male,37.658743235374864,0,0,7.909,S,Third,man,True,G,Southampton,no,True
1,1,male,61.87841844344578,1,0,36.3931,S,First,man,True,,Southampton,yes,False
0,3,male,33.35163288404247,0,0,52.3453,S,Third,man,True,,Southampton,no,True
0,3,male,16.40517197008085,0,1,26.5732,S,Third,man,True,,Southampton,no,False
1,3,male,24.831900573664036,0,0,43.4853,S,Third,man,True,,Southampton,yes,True
1,1,male,18.253042276505678,0,0,34.9143,C,First,man,True,,Cherbourg,yes,True
1,3,male,35.98560090300357,2,0,14.1463,S,Third,man,True,,Southampton,yes,False
1,1,male,18.01202039812783,0,4,53.2827,S,First,man,True,,Southampton,yes,False
0,1,female,22.84365437593017,0,0,11.2421,S,First,woman,False,,Southampton,no,True
0,2,male,11.075759571089801,1,0,27.2668,C,Second,child,False,,Cherbourg,no,False
1,3,female,27.78473841997242,0,0,44.0513,C,Third,woman,False,,Cherbourg,yes,True
0,3,female,32.26294450287972,3,4,15.3386,C,Third,woman,False,,Cherbourg,no,False
0,3,female,0.42,1,1,11.6125,S,Third,child,False,,Southampton,no,False
1,3,male,33.463816641463204,0,0,19.8022,Q,Third,man,True,,Queenstown,yes,True
0,2,female,29.037346649096698,1,0,54.8542,S,Second,woman,False,,Southampton,no,False
0,2,male,18.607616743036154,0,0,85.5922,S,Second,man,True,,Southampton,no,True
0,2,male,59.11511940191316,0,0,25.362,Q,Second,man,True,,Queenstown,no,True
0,3,male,43.597909650268946,0,0,34.8768,S,Third,man,True,,Southampton,no,True
0,1,female,13.802163950804678,0,2,75.215,S,First,child,False,E,Southampton,no,False
0,3,male,41.85443475378153,1,0,3.3407,S,Third,man,True,D,Southampton,no,False
0,3,male,47.745222102305334,2,1,8.503,S,Third,man,True,,Southampton,no,False
1,2,female,31.614303377954577,0,0,39.7376,C,Second,woman,False,B,Cherbourg,yes,True
1,3,female,34.94090953573622,0,0,55.8934,S,Third,woman,False,F,Southampton,yes,True
0,3,male,34.606026670363065,4,0,62.6327,S,Third,man,True,G,Southampton,no,False
1,3,male,0.42,0,0,17.2697,S,Third,child,False,,Southampton,yes,True
0,3,female,26.99039084566921,0,0,3.0135,S,Third,woman,False,B,Southampton,no,True
0,2,male,26.235763791231584,0,0,18.5428,S,Second,man,True,,Southampton,no,True
1,2,male,50.437256730118236,1,0,8.4467,S,Second,man,True,,Southampton,yes,False
0,3,male,,0,0,11.0825,S,Third,man,True,,Southampton,no,True
1,3,female,,1,0,47.6426,S,Third,woman,False,,Southampton,yes,False
0,1,female,28.393191255630335,1,6,2.5287,C,First,woman,False,,Cherbourg,no,False
1,3,female,44.539090933597315,0,0,56.6021,S,Third,woman,False,D,Southampton,yes,True
0,3,female,27.023522382942925,0,1,17.9688,S,Third,woman,False,,Southampton,no,False
1,3,male,19.576164770171665,1,0,29.1893,S,Third,man,True,,Southampton,yes,False
0,1,male,25.702318202647437,0,1,3.0245,S,First,man,True,,Southampton,no,False
1,3,male,,1,0,13.251,C,Third,man,True,,Cherbourg,yes,False
0,3,male,,3,1,3.0262,Q,Third,man,True,,Queenstown,no,False
0,1,male,30.341885613562148,0,0,104.9151,S,First,man,True,,Southampton,no,True
1,1,female,32.477319841950035,1,0,53.0148,C,First,woman,False,F,Cherbourg,yes,False
0,3,male,21.58373413286551,1,0,19.8193,S,Third,man,True,,Southampton,no,False
1,1,female,26.887733693581524,1,0,8.1495,S,First,woman,False,,Southampton,yes,False
1,3,male,20.0820873342695,0,0,87.2581,S,Third,man,True,,Southampton,yes,True
0,3,male,25.42570037765372,0,0,13.6046,S,Third,man,True,,Southampton,no,True
1,2,male,49.21958482258606,0,0,5.6519,S,Second,man,True,F,Southampton,yes,True
0,3,male,14.070858735030745,0,1,26.668,C,Third,child,False,,Cherbourg,no,False
1,2,female,19.71359383686773,0,0,92.6838,S,Second,woman,False,G,Southampton,yes,True
0,3,male,11.512666487431598,1,0,0.1236,C,Third,child,False,,Cherbourg,no,False
0,2,male,8.371823020779825,0,0,8.7575,C,Second,child,False,,Cherbourg,no,True
1,3,male,26.991807244168275,0,0,89.7693,S,Third,man,True,B,Southampton,yes,True
1,1,male,20.744666863888593,0,0,6.042,S,First,man,True,D,Southampton,yes,True
0,2,male,55.24448949648679,1,0,3.87,S,Second,man,True,,Southampton,no,False
1,3,female,25.598725080421996,0,2,27.1899,Q,Third,woman,False,,Queenstown,yes,False
0,2,female,48.39625451973535,0,1,63.7357,S,Second,woman,False,,Southampton,no,False
0,3,male,43.73609388663918,0,1,20.878,S,Third,man,True,G,Southampton,no,False
0,2,female,26.670164749251796,1,0,167.9152,S,Second,woman,False,,Southampton,no,False
0,3,male,60.296965940241535,0,1,36.6065,S,Third,man,True,,Southampton,no,False
0,1,male,,0,0,2.4782,S,First,man,True,,Southampton,no,True
0,3,male,51.63863435705784,4,0,159.0083,S,Third,man,True,,Southampton,no,False
1,3,male,49.950654927928326,1,0,16.8751,S,Third,man,True,,Southampton,yes,False
1,1,male,,3,0,10.9106,S,First,man,True,,Southampton,yes,False
1,1,male,40.59139729318483,0,0,26.2807,S,First,man,True,B,Southampton,yes,True
0,1,male,38.74903551923239,0,0,11.6837,S,First,man,True,B,Southampton,no,True
0,3,male,13.10820924482023,1,0,2.9117,S,Third,child,False,,Southampton,no,False
1,2,male,30.530710139568736,0,0,0.046,S,Second,man,True,,Southampton,yes,True
1,3,female,45.276584892197576,1,0,19.226,S,Third,woman,False,,Southampton,yes,False
0,2,male,,0,0,58.384,S,Second,man,True,B,Southampton,no,True
1,2,male,19.25072475843673,0,0,27.3497,S,Second,man,True,,Southampton,yes,True
1,3,male,37.36805387628878,0,0,229.9101,S,Third,man,True,,Southampton,yes,True
1,3,male,31.88761809252425,0,1,10.8855,S,Third,man,True,D,Southampton,yes,False
1,1,male,27.990826063566864,0,0,10.5982,S,First,man,True,,Southampton,yes,True
0,1,male,34.86203812376288,0,0,5.6046,S,First,man,True,,Southampton,no,True
0,1,male,32.86096245465899,4,0,5.7703,C,First,man,True,C,Cherbourg,no,False
1,3,male,37.55040974865253,0,0,10.8106,C,Third,man,True,,Cherbourg,yes,True
1,3,male,50.60489303377575,0,1,50.6913,C,Third,man,True,,Cherbourg,yes,False
0,3,male,41.069850067538155,1,0,76.0524,S,Third,man,True,,Southampton,no,False
0,3,male,34.203573253654184,0,0,118.8944,S,Third,man,True,,Southampton,no,True
0,3,male,56.73706332393464,0,1,8.5118,S,Third,man,True,,Southampton,no,False
1,3,male,,1,0,68.6226,S,Third,man,True,,Southampton,yes,False
1,3,female,,0,0,12.8116,S,Third,woman,False,,Southampton,yes,True
0,1,male,12.051754165882873,1,0,3.8553,S,First,child,False,,Southampton,no,False
0,1,male,15.376455126653248,1,0,65.7013,C,First,child,False,,Cherbourg,no,False
0,2,male,43.23187050057669,4,0,32.5507,S,Second,man,True,A,Southampton,no,False
1,1,female,20.56046905083177,0,0,5.796,S,First,woman,False,G,Southampton,yes,True
1,3,male,15.083195581876751,0,6,18.0907,S,Third,child,False,,Southampton,yes,False
1,3,male,18.707762763035607,0,0,10.9041,S,Third,man,True,F,Southampton,yes,True
0,1,male,19.73292747468485,0,0,42.9812,S,First,man,True,C,Southampton,no,True
0,1,male,,1,0,19.451,C,First,man,True,,Cherbourg,no,False
0,3,male,,0,2,146.0476,S,Third,man,True,,Southampton,no,False
0,3,male,9.800568295658618,0,1,1.8129,C,Third,child,False,,Cherbourg,no,False
1,2,female,30.150151017554172,1,0,14.1206,S,Second,woman,False,,Southampton,yes,False
1,3,male,32.92285892049951,0,0,21.1743,C,Third,man,True,,Cherbourg,yes,True
1,1,female,22.74961550910765,0,0,22.5218,S,First,woman,False,,Southampton,yes,True
1,1,female,46.460333720794154,0,0,12.2265,S,First,woman,False,,Southampton,yes,True
0,3,male,23.596386157461872,1,0,42.0701,S,Third,man,True,,Southampton,no,False
1,3,male,,0,0,66.8929,C,Third,man,True,,Cherbourg,yes,True
1,1,male,,1,0,89.9117,Q,First,man,True,D,Queenstown,yes,False
1,3,male,43.1357798666439,0,2,52.6546,S,Third,man,True,,Southampton,yes,False
0,3,male,13.771012808307274,1,0,61.2121,S,Third,child,False,,Southampton,no,False
0,3,female,31.12549778745249,1,2,25.751,Q,Third,woman,False,D,Queenstown,no,False
0,3,female,,0,0,56.2875,S,Third,woman,False,,Southampton,no,True
1,3,male,9.080905388840769,0,0,11.6465,S,Third,child,False,,Southampton,yes,True
0,3,male,45.723380582142184,0,0,16.367,S,Third,man,True,F,Southampton,no,True
0,3,female,17.84768699484343,1,0,12.2725,S,Third,woman,False,,Southampton,no,False
1,1,female,,0,0,20.2847,C,First,woman,False,,Cherbourg,yes,True
1,1,female,15.006920383832973,0,0,10.8283,C,First,child,False,D,Cherbourg,yes,True
0,2,male,39.86720172802041,0,0,104.9719,S,Second,man,True,,Southampton,no,True
0,3,male,7.5740190777973595,0,0,12.0813,S,Third,child,False,,Southampton,no,True
1,1,male,38.65918460673623,0,1,3.3227,C,First,man,True,A,Cherbourg,yes,False
0,3,male,44.84545280053018,0,0,24.0944,S,Third,man,True,A,Southampton,no,True
1,3,male,37.48908720057353,0,0,1.8932,C,Third,man,True,B,Cherbourg,yes,True
0,1,male,40.03311301577322,1,0,3.772,S,First,man,True,,Southampton,no,False
1,3,female,40.713423808881615,0,2,7.9753,S,Third,woman,False,,Southampton,yes,False
0,2,male,,0,0,20.1016,Q,Second,man,True,,Queenstown,no,True
0,3,male,,3,0,18.2844,S,Third,man,True,D,Southampton,no,False
1,1,male,23.02889431506427,1,0,51.7743,S,First,man,True,,Southampton,yes,False
0,3,male,28.737379544945405,2,0,43.3108,S,Third,man,True,,Southampton,no,False
0,3,male,24.876758883911094,0,4,17.8929,S,Third,man,True,,Southampton,no,False
0,3,male,36.827360752720985,0,0,13.0739,S,Third,man,True,,Southampton,no,True
1,3,female,21.898459974507375,0,0,12.2516,Q,Third,woman,False,B,Queenstown,yes,True
1,3,male,30.670278001441844,1,0,47.8878,C,Third,man,True,E,Cherbourg,yes,False
1,3,male,11.787514651382928,0,0,1.722,S,Third,child,False,,Southampton,yes,True
0,3,male,46.58764552327278,0,2,0.4155,S,Third,man,True,,Southampton,no,False
0,3,female,39.42574371627795,0,0,51.1144,S,Third,woman,False,,Southampton,no,True
0,1,female,,0,0,20.8802,S,First,woman,False,,Southampton,no,True
0,3,female,22.89733906462575,0,0,4.5169,S,Third,woman,False,,Southampton,no,True
0,3,male,39.0471095716066,0,0,8.6495,C,Third,man,True,,Cherbourg,no,True
0,3,male,19.444245980778554,0,1,86.8011,S,Third,man,True,,Southampton,no,False
0,1,male,,0,0,63.1947,C,First,man,True,G,Cherbourg,no,True
1,3,male,46.540282417755385,4,0,39.8357,S,Third,man,True,,Southampton,yes,False
0,2,female,17.93677177251071,1,2,21.1945,S,Second,woman,False,,Southampton,no,False
0,3,male,35.04471202224294,2,0,23.6555,S,Third,man,True,,Southampton,no,False
1,1,female,34.278016370564636,1,0,119.0984,S,First,woman,False,,Southampton,yes,False
0,3,female,,0,0,108.6642,S,Third,woman,False,,Southampton,no,True
1,3,male,22.395051030492915,0,4,7.8057,Q,Third,man,True,,Queenstown,yes,False
1,1,female,47.31455732496858,0,0,53.6633,S,First,woman,False,,Southampton,yes,True
1,3,male,21.03525478137899,0,0,7.0744,Q,Third,man,True,,Queenstown,yes,True
0,2,male,3.425435933620509,0,0,7.7348,S,Second,child,False,,Southampton,no,True
1,3,male,,0,0,36.299,Q,Third,man,True,,Queenstown,yes,True
0,3,male,12.281101428366405,0,0,16.7181,S,Third,child,False,E,Southampton,no,True
0,3,male,39.73227660039876,0,0,86.3466,Q,Third,man,True,,Queenstown,no,True
0,3,male,,0,0,3.0018,S,Third,man,True,G,Southampton,no,True
1,3,male,38.83137323678078,0,0,23.0703,C,Third,man,True,D,Cherbourg,yes,True
0,2,male,45.23546387736862,1,0,80.7388,C,Second,man,True,,Cherbourg,no,False
0,2,male,58.990712050479885,0,1,75.4959,S,Second,man,True,A,Southampton,no,False
1,3,male,43.71802670782972,0,2,5.4814,S,Third,man,True,A,Southampton,yes,False
0,3,male,34.49331419306882,0,0,14.7061,S,Third,man,True,G,Southampton,no,True
0,3,male,53.39224866109289,0,0,31.0818,Q,Third,man,True,,Queenstown,no,True
0,3,female,55.14424540027548,0,0,5.591,S,Third,woman,False,,Southampton,no,True
0,2,female,55.347190857261594,0,0,110.8553,S,Second,woman,False,,Southampton,no,True
0,3,female,22.56391902965796,0,1,79.2815,S,Third,woman,False,,Southampton,no,False
0,1,female,10.06673380177314,0,0,5.8817,S,First,child,False,,Southampton,no,True
1,3,male,,2,0,4.1585,C,Third,man,True,,Cherbourg,yes,False
0,1,female,39.90280342900104,2,1,2.8747,S,First,woman,False,,Southampton,no,False
0,2,male,32.00780470731553,0,0,77.3374,S,Second,man,True,,Southampton,no,True
1,2,male,,0,0,6.9296,Q,Second,man,True,E,Queenstown,yes,True
0,2,female,37.82698028267156,1,0,17.3346,S,Second,woman,False,,Southampton,no,False
1,3,male,8.373326315737625,0,0,19.1832,S,Third,child,False,,Southampton,yes,True
0,2,female,,0,0,29.425,S,Second,woman,False,,Southampton,no,True
0,2,female,45.91763585029422,0,1,2.3969,S,Second,woman,False,,Southampton,no,False
0,1,female,37.665076846094315,2,1,8.2807,S,First,woman,False,,Southampton,no,False
0,2,female,39.73124241658906,0,0,86.3212,C,Second,woman,False,,Cherbourg,no,True
0,1,male,52.86190545431146,0,2,76.972,S,First,man,True,,Southampton,no,False
0,1,male,,1,0,48.9444,S,First,man,True,,Southampton,no,False
0,3,male,,0,1,0.6309,S,Third,man,True,,Southampton,no,False
0,3,male,46.947968118643104,0,0,12.7518,S,Third,man,True,,Southampton,no,True
0,3,male,46.68124914999194,4,2,31.8378,C,Third,man,True,,Cherbourg,no,False
0,3,female,37.79522928395905,0,2,10.3634,S,Third,woman,False,,Southampton,no,False
0,2,female,27.3746204915545,0,0,77.3883,S,Second,woman,False,,Southampton,no,True
0,3,male,29.720004939615784,0,2,32.3552,S,Third,man,True,,Southampton,no,False
1,3,male,11.186792194099244,0,1,2.4029,S,Third,child,False,,Southampton,yes,False
0,3,male,45.83772468800444,0,1,77.182,S,Third,man,True,,Southampton,no,False
1,1,male,45.32594398817258,0,0,101.8984,S,First,man,True,,Southampton,yes,True
1,2,female,10.680600118231634,0,1,2.6049,S,Second,child,False,,Southampton,yes,False
0,2,male,,1,1,24.4738,C,Second,man,True,,Cherbourg,no,False
1,2,male,35.55947399763062,0,0,11.6401,S,Second,man,True,,Southampton,yes,True
1,3,male,14.881375399333454,0,2,16.0666,C,Third,child,False,,Cherbourg,yes,False
0,3,male,12.212997084449192,0,0,6.3764,C,Third,child,False,C,Cherbourg,no,True
0,3,male,35.115652406324976,1,0,27.7861,S,Third,man,True,,Southampton,no,False
1,3,male,,0,0,102.0609,S,Third,man,True,C,Southampton,yes,True
1,3,male,56.08925833297022,0,0,22.5178,S,Third,man,True,,Southampton,yes,True
0,3,male,43.51267672240914,0,0,2.7871,S,Third,man,True,G,Southampton,no,True
0,3,male,36.5685504826173,0,0,31.1563,S,Third,man,True,D,Southampton,no,True
0,1,female,37.28464555803472,0,2,13.3905,S,First,woman,False,D,Southampton,no,False
0,1,male,48.99757411532393,1,0,62.385,S,First,man,True,C,Southampton,no,False
1,1,male,,0,0,18.3656,S,First,man,True,,Southampton,yes,True
0,3,male,36.94661335819232,0,0,6.8983,S,Third,man,True,,Southampton,no,True
0,3,female,,0,0,6.8292,S,Third,woman,False,A,Southampton,no,True
1,2,male,74.09823099839018,1,2,47.151,S,Second,man,True,,Southampton,yes,False
0,3,female,13.70385001903062,0,0,9.9396,S,Third,child,False,,Southampton,no,True
0,1,male,25.168130312047616,0,1,46.9386,S,First,man,True,,Southampton,no,False
1,3,male,,0,0,7.4231,S,Third,man,True,,Southampton,yes,True
1,2,male,,0,0,12.4983,S,Second,man,True,,Southampton,yes,True
0,1,male,31.891101340629707,0,0,20.1701,S,First,man,True,E,Southampton,no,True
0,3,female,40.79650835628902,0,0,92.3543,S,Third,woman,False,,Southampton,no,True
0,2,male,4.483548348985707,0,0,86.4346,S,Second,child,False,,Southampton,no,True
0,2,male,,0,0,7.463,C,Second,man,True,D,Cherbourg,no,True
0,2,male,17.992186678690587,0,0,14.281,C,Second,man,True,B,Cherbourg,no,True
0,3,male,,0,1,5.2104,S,Third,man,True,B,Southampton,no,False
0,3,male,43.20778339587544,0,0,22.9689,S,Third,man,True,,Southampton,no,True
0,2,male,,1,0,19.8759,S,Second,man,True,,Southampton,no,False
0,3,female,34.51316707166953,4,0,74.3889,C,Third,woman,False,,Cherbourg,no,False
0,3,male,41.28809288862829,4,0,85.6306,S,Third,man,True,,Southampton,no,False
0,2,male,35.9174642791115,1,1,15.5786,Q,Second,man,True,D,Queenstown,no,False
0,2,female,24.7539354130436,0,0,21.7916,S,Second,woman,False,,Southampton,no,True
0,1,male,27.28619764058918,1,0,72.9536,S,First,man,True,E,Southampton,no,False
1,1,female,,0,2,52.9224,Q,First,woman,False,,Queenstown,yes,False
0,3,male,16.714436643578146,0,0,0.1179,S,Third,man,True,,Southampton,no,True
1,1,female,44.142125561135714,0,0,12.4212,S,First,woman,False,,Southampton,yes,True
1,3,male,33.88548199670852,0,0,17.6389,S,Third,man,True,F,Southampton,yes,True
0,3,female,,1,0,8.4041,S,Third,woman,False,,Southampton,no,False
0,1,female,46.991200105956324,0,1,7.168,S,First,woman,False,,Southampton,no,False
0,3,male,27.958352173435138,0,1,1.2402,S,Third,man,True,B,Southampton,no,False
0,2,female,27.05489554128995,2,3,33.2,C,Second,woman,False,,Cherbourg,no,False
1,3,male,22.672882921942517,0,0,9.805,S,Third,man,True,,Southampton,yes,True
0,3,male,34.67447162942606,0,0,1.7313,Q,Third,man,True,,Queenstown,no,True
0,3,male,34.172526570806966,2,0,8.4569,S,Third,man,True,,Southampton,no,False
0,3,male,20.03887909260635,0,0,52.1335,S,Third,man,True,,Southampton,no,True
0,1,male,27.123437331855698,0,0,61.4085,S,First,man,True,B,Southampton,no,True
1,3,male,20.13576710647112,0,0,21.2469,S,Third,man,True,D,Southampton,yes,True
0,3,male,19.47940741967539,0,0,17.3228,S,Third,man,True,,Southampton,no,True
0,3,female,4.616481439960719,1,0,122.6847,Q,Third,child,False,,Queenstown,no,False
1,3,female,26.351801321617447,0,1,7.208,S,Third,woman,False,,Southampton,yes,False
0,3,male,5.017907641839834,0,1,7.8094,S,Third,child,False,B,Southampton,no,False
0,1,male,22.98917254807709,0,0,11.113,S,First,man,True,,Southampton,no,True
0,1,male,,0,0,6.107,S,First,man,True,,Southampton,no,True
0,3,male,44.95247833035126,4,0,15.3598,C,Third,man,True,D,Cherbourg,no,False
0,2,male,14.983445308510195,0,1,77.8357,S,Second,child,False,D,Southampton,no,False
0,3,male,,0,0,30.7644,S,Third,man,True,,Southampton,no,True
0,3,male,24.1678999817222,0,0,17.0962,S,Third,man,True,,Southampton,no,True
0,2,female,21.287917053209746,1,0,87.7239,S,Second,woman,False,,Southampton,no,False
0,1,male,,2,0,1.5996,S,First,man,True,,Southampton,no,False
1,3,male,13.190773090780517,0,0,7.6015,S,Third,child,False,,Southampton,yes,True
0,2,male,,0,1,26.8694,S,Second,man,True,,Southampton,no,False
0,3,male,34.51494611288389,0,0,30.7815,S,Third,man,True,,Southampton,no,True
0,2,male,42.477158474109096,1,0,1.2996,S,Second,man,True,,Southampton,no,False
1,3,male,24.18649743901205,0,0,16.6121,Q,Third,man,True,,Queenstown,yes,True
0,1,male,1.8875557926950073,1,0,33.7265,C,First,child,False,,Cherbourg,no,False
0,3,male,27.52348878701018,0,1,38.5615,S,Third,man,True,,Southampton,no,False
1,3,female,49.304412904620364,1,0,32.7312,S,Third,woman,False,,Southampton,yes,False
1,3,female,33.79171740774119,0,1,12.445,S,Third,woman,False,,Southampton,yes,False
1,1,male,33.128059004219025,0,0,3.1616,S,First,man,True,,Southampton,yes,True
0,3,male,,0,0,17.9375,C,Third,man,True,,Cherbourg,no,True
0,3,male,12.797761940814361,0,0,4.4382,S,Third,child,False,,Southampton,no,True
1,1,male,29.961603905194437,1,0,94.9675,C,First,man,True,,Cherbourg,yes,False
1,1,male,9.017505626919586,1,0,20.7588,Q,First,child,False,,Queenstown,yes,False
0,1,male,41.0297522242564,0,0,12.2888,S,First,man,True,C,Southampton,no,True
0,3,male,17.42362939143775,0,0,46.8102,S,Third,man,True,,Southampton,no,True
0,3,male,29.34246942939334,0,0,22.1875,S,Third,man,True,G,Southampton,no,True
1,3,male,2.3563796780634902,1,1,11.9498,S,Third,child,False,,Southampton,yes,False
0,1,female,23.98987290756915,0,2,53.8108,S,First,woman,False,,Southampton,no,False
0,2,female,12.505022066612057,0,0,64.9973,S,Second,child,False,,Southampton,no,True
0,3,female,0.42,0,2,35.9938,C,Third,child,False,G,Cherbourg,no,False
0,3,male,37.556710295376604,0,0,1.5489,S,Third,man,True,,Southampton,no,True
0,3,female,53.49681331682781,0,0,26.9017,S,Third,woman,False,B,Southampton,no,True
0,1,male,46.07736704548722,0,1,46.3983,S,First,man,True,,Southampton,no,False
0,3,female,39.58451500360517,0,0,4.7258,S,Third,woman,False,,Southampton,no,True
0,2,male,,5,0,8.3604,S,Second,man,True,,Southampton,no,False
0,2,female,41.38540831394348,0,0,68.9491,C,Second,woman,False,,Cherbourg,no,True
0,3,male,47.44587137931906,0,1,0.6545,S,Third,man,True,,Southampton,no,False
0,3,female,,0,1,44.9919,S,Third,woman,False,,Southampton,no,False
0,3,female,12.52677750147567,1,0,20.6731,S,Third,child,False,,Southampton,no,False
0,1,male,22.45892767042512,0,0,19.0619,S,First,man,True,B,Southampton,no,True
0,1,male,54.389099081045075,0,0,0.2293,C,First,man,True,,Cherbourg,no,True
0,3,female,28.616209561822586,0,0,55.109,S,Third,woman,False,,Southampton,no,True
0,3,male,0.42,0,0,14.3616,C,Third,child,False,,Cherbourg,no,True
1,2,female,,0,1,25.0579,S,Second,woman,False,,Southampton,yes,False
0,1,male,23.545493804434017,1,0,36.4193,S,First,man,True,C,Southampton,no,False
1,1,male,,1,0,39.0514,S,First,man,True,,Southampton,yes,False
0,3,male,25.739725890099777,0,0,100.5642,S,Third,man,True,,Southampton,no,True
1,1,male,44.98925899711227,0,0,24.4037,S,First,man,True,,Southampton,yes,True
1,2,female,22.070645873561407,2,2,16.4335,C,Second,woman,False,,Cherbourg,yes,False
0,1,male,1.2177584275836075,0,0,98.9407,S,First,child,False,,Southampton,no,True
0,2,male,22.57236320032777,1,0,33.0865,S,Second,man,True,G,Southampton,no,False
0,1,male,34.70170252242113,0,0,11.4,S,First,man,True,,Southampton,no,True
0,3,male,33.49828006544904,2,0,4.3536,S,Third,man,True,,Southampton,no,False
1,1,female,11.500937635778783,1,0,59.5274,S,First,child,False,,Southampton,yes,False
1,3,female,24.6076550738454,3,0,14.4804,S,Third,woman,False,A,Southampton,yes,False
1,1,male,,0,0,34.7822,S,First,man,True,E,Southampton,yes,True
0,3,female,11.817602018695286,0,0,20.4927,S,Third,child,False,,Southampton,no,True
1,3,female,39.28048921972436,2,0,7.1422,S,Third,woman,False,,Southampton,yes,False
1,3,male,,0,0,29.6406,S,Third,man,True,,Southampton,yes,True
0,3,female,42.224981456260096,0,2,2.0158,S,Third,woman,False,,Southampton,no,False
0,2,male,16.761281842267522,1,0,17.1727,S,Second,man,True,C,Southampton,no,False
1,2,male,35.53027974394263,1,0,25.4706,Q,Second,man,True,,Queenstown,yes,False
0,3,female,,2,0,18.4437,S,Third,woman,False,,Southampton,no,False
1,3,male,33.917365602562256,0,0,44.4681,S,Third,man,True,,Southampton,yes,True
0,3,female,16.52457071174915,1,0,56.6664,S,Third,woman,False,,Southampton,no,False
1,3,female,19.33180134698393,1,0,47.4981,S,Third,woman,False,E,Southampton,yes,False
0,3,male,,0,0,1.2747,C,Third,man,True,A,Cherbourg,no,True
0,3,female,23.459410592243266,0,0,6.9498,S,Third,woman,False,,Southampton,no,True
0,1,male,35.21553099913651,0,0,24.7676,Q,First,man,True,F,Queenstown,no,True
1,3,male,26.93280087967141,0,1,87.9264,C,Third,man,True,E,Cherbourg,yes,False
1,3,male,30.678658378085487,5,0,58.0098,S,Third,man,True,D,Southampton,yes,False
0,1,female,36.153753834624325,0,0,59.5233,S,First,woman,False,,Southampton,no,True
0,3,male,,1,0,11.6328,S,Third,man,True,,Southampton,no,False
1,1,male,15.257278102974276,4,0,18.0691,S,First,child,False,D,Southampton,yes,False
0,3,female,,0,0,20.486,S,Third,woman,False,,Southampton,no,True
1,1,female,47.02951810758482,1,1,5.5136,S,First,woman,False,,Southampton,yes,False
0,3,female,31.38450971910997,0,0,1.0163,S,Third,woman,False,F,Southampton,no,True
0,3,male,17.44897242554813,1,1,94.5274,S,Third,man,True,B,Southampton,no,False
0,2,male,35.52262882162192,0,0,8.8671,S,Second,man,True,G,Southampton,no,True
0,3,male,,3,0,8.8347,C,Third,man,True,E,Cherbourg,no,False
1,3,female,37.23998659906825,0,0,2.8034,S,Third,woman,False,,Southampton,yes,True
0,3,male,15.521360594616358,0,2,84.949,C,Third,child,False,D,Cherbourg,no,False
0,1,male,19.805330582854523,1,0,27.9134,S,First,man,True,,Southampton,no,False
1,2,female,19.88597636238833,0,0,35.4111,S,Second,woman,False,,Southampton,yes,True
0,1,male,,0,0,78.105,S,First,man,True,,Southampton,no,True
0,3,female,37.51432818458415,0,0,13.655,S,Third,woman,False,,Southampton,no,True
1,3,female,,1,0,31.2842,S,Third,woman,False,,Southampton,yes,False
1,3,female,35.140645878778855,0,2,1.2742,S,Third,woman,False,,Southampton,yes,False
0,3,male,49.33327756438709,0,3,6.6572,C,Third,man,True,,Cherbourg,no,False
1,3,male,39.68891852112863,0,0,57.2938,S,Third,man,True,F,Southampton,yes,True
1,3,female,27.64387643755673,0,2,46.8743,S,Third,woman,False,,Southampton,yes,False
0,1,female,12.533664947238755,0,0,13.9031,C,First,child,False,,Cherbourg,no,True
0,3,female,19.33906837717238,0,0,15.2275,S,Third,woman,False,,Southampton,no,True
1,1,male,25.90527651866571,0,0,24.5562,S,First,man,True,,Southampton,yes,True
1,3,female,41.72238249637365,0,0,0.0078,S,Third,woman,False,,Southampton,yes,True
0,3,female,29.303686955461647,0,4,8.8896,C,Third,woman,False,,Cherbourg,no,False
1,3,female,20.185158654117572,1,0,7.5183,S,Third,woman,False,,Southampton,yes,False
1,1,female,,0,0,9.2841,S,First,woman,False,,Southampton,yes,True
0,2,female,28.69111597064222,0,0,52.7891,S,Second,woman,False,,Southampton,no,True
0,2,male,,0,0,10.5632,C,Second,man,True,,Cherbourg,no,True
0,2,male,,0,0,6.8458,S,Second,man,True,,Southampton,no,True
1,1,male,26.71635532856982,1,6,22.5951,Q,First,man,True,,Queenstown,yes,False
0,3,male,29.051223878942327,0,1,64.6341,S,Third,man,True,E,Southampton,no,False
0,3,male,12.097845260717946,0,1,8.8941,C,Third,child,False,,Cherbourg,no,False
1,2,male,57.81829225194226,0,0,2.6337,S,Second,man,True,,Southampton,yes,True
1,2,male,9.385458846736782,1,0,14.1901,S,Second,child,False,,Southampton,yes,False
0,2,male,46.68910352081798,0,0,44.3376,C,Second,man,True,G,Cherbourg,no,True
1,3,male,24.402628681319175,0,0,25.7614,S,Third,man,True,,Southampton,yes,True
0,3,female,21.00918583931537,0,0,54.6479,S,Third,woman,False,,Southampton,no,True
1,3,female,13.604948207654061,4,0,103.3211,S,Third,child,False,D,Southampton,yes,False
0,3,male,64.64570541640343,0,0,50.6637,S,Third,man,True,,Southampton,no,True
0,3,female,32.91162853753672,0,0,29.8122,S,Third,woman,False,,Southampton,no,True
1,3,male,30.00856633800892,1,0,21.8934,S,Third,man,True,C,Southampton,yes,False
0,1,male,42.55761921354086,1,0,1.3168,S,First,man,True,,Southampton,no,False
0,3,male,20.26292547836553,0,0,133.807,S,Third,man,True,,Southampton,no,True
1,1,male,29.726766350849584,1,2,15.5741,S,First,man,True,F,Southampton,yes,False
1,3,female,,1,0,5.3176,S,Third,woman,False,,Southampton,yes,False
1,2,female,,0,1,35.3794,S,Second,woman,False,C,Southampton,yes,False
1,3,male,47.09475214819575,0,0,10.7702,S,Third,man,True,,Southampton,yes,True
0,3,male,26.52951103330939,0,0,28.3796,S,Third,man,True,G,Southampton,no,True
0,3,male,7.179585226151971,4,0,28.4566,Q,Third,child,False,,Queenstown,no,False
0,3,male,25.32828822894733,1,1,19.0013,S,Third,man,True,,Southampton,no,False
0,2,male,33.31309073985151,0,1,58.2373,C,Second,man,True,,Cherbourg,no,False
1,1,male,16.74434810862968,1,0,9.9124,C,First,man,True,,Cherbourg,yes,False
0,2,female,17.888375499028633,0,0,19.1704,C,Second,woman,False,F,Cherbourg,no,True
0,1,female,21.77924394717241,0,0,24.8431,S,First,woman,False,F,Southampton,no,True
0,3,male,,0,0,35.0828,C,Third,man,True,,Cherbourg,no,True
1,2,female,,0,2,49.3416,C,Second,woman,False,,Cherbourg,yes,False
0,3,male,50.42219676898995,1,0,16.1711,S,Third,man,True,,Southampton,no,False
0,3,male,20.783218646849132,0,0,33.4426,S,Third,man,True,,Southampton,no,True
0,3,male,34.412704975719855,1,0,5.2563,S,Third,man,True,,Southampton,no,False
0,1,male,23.229481223813607,0,0,86.8699,S,First,man,True,E,Southampton,no,True
0,3,female,40.63420596921185,0,0,15.552,S,Third,woman,False,,Southampton,no,True
1,3,male,,4,0,42.1035,S,Third,man,True,,Southampton,yes,False
1,3,male,40.471462453869854,0,0,0.6617,S,Third,man,True,,Southampton,yes,True
0,3,male,31.351106304490415,0,0,7.3947,S,Third,man,True,,Southampton,no,True
1,3,male,20.420118656726988,0,0,21.498,S,Third,man,True,,Southampton,yes,True
1,1,female,27.289788471702817,1,1,67.8069,S,First,woman,False,,Southampton,yes,False
1,3,male,51.940896644966536,0,0,24.1242,C,Third,man,True,,Cherbourg,yes,True
0,2,male,31.69874532077136,0,0,85.5687,S,Second,man,True,,Southampton,no,True
0,1,male,19.510443769266736,0,0,21.2924,S,First,man,True,,Southampton,no,True
0,2,male,12.231947398992364,0,0,21.7101,S,Second,child,False,E,Southampton,no,True
0,1,male,37.02836196474946,1,0,4.107,S,First,man,True,,Southampton,no,False
1,1,female,32.53975608165494,0,0,52.2544,C,First,woman,False,,Cherbourg,yes,True
1,1,male,39.77780007877924,0,0,9.1333,Q,First,man,True,,Queenstown,yes,True
1,3,female,8.497741274497287,0,4,74.0187,S,Third,child,False,D,Southampton,yes,False
0,3,female,12.70222343307325,0,0,77.8321,Q,Third,child,False,B,Queenstown,no,True
0,3,female,46.32974838915254,2,0,92.4191,S,Third,woman,False,,Southampton,no,False
1,2,male,34.50445387830044,0,0,23.6493,S,Second,man,True,,Southampton,yes,True
1,2,male,37.434312342944644,5,0,36.3987,S,Second,man,True,,Southampton,yes,False
0,3,male,15.741038034434677,0,0,48.5384,C,Third,child,False,,Cherbourg,no,True
1,2,female,15.47568562423068,0,1,4.5218,S,Second,child,False,,Southampton,yes,False
1,1,male,44.073250543785285,1,0,29.5817,S,First,man,True,,Southampton,yes,False
0,3,male,44.75647599409466,0,0,1.1238,C,Third,man,True,,Cherbourg,no,True
0,1,male,13.91936743807872,1,0,22.163,S,First,child,False,,Southampton,no,False
0,3,male,11.149127810133745,5,0,5.4171,S,Third,child,False,,Southampton,no,False
0,3,male,,0,0,6.5051,C,Third,man,True,,Cherbourg,no,True
0,1,male,18.109447426047907,0,0,14.6254,S,First,man,True,,Southampton,no,True
1,1,female,17.80743525383263,1,0,18.2382,S,First,woman,False,,Southampton,yes,False
0,3,male,11.555015426802807,0,0,31.4262,S,Third,child,False,,Southampton,no,True
0,3,male,22.90770919993468,0,0,2.4905,S,Third,man,True,,Southampton,no,True
0,1,male,12.956926231823441,0,3,22.558,S,First,child,False,,Southampton,no,False
0,3,male,13.816686906366067,0,0,6.4934,S,Third,child,False,,Southampton,no,True
1,1,male,34.026681775211415,1,1,27.4749,S,First,man,True,,Southampton,yes,False
0,3,female,28.89962560283304,0,1,32.6659,S,Third,woman,False,,Southampton,no,False
0,3,male,36.73074088221591,0,0,26.1956,C,Third,man,True,,Cherbourg,no,True
1,1,female,5.789015187435059,0,0,43.1654,Q,First,child,False,,Queenstown,yes,True
0,1,male,,0,0,13.1661,S,First,man,True,,Southampton,no,True
0,1,male,,0,0,46.6457,S,First,man,True,,Southampton,no,True
0,2,female,24.30204897785881,1,0,18.2569,C,Second,woman,False,,Cherbourg,no,False
0,1,male,,0,1,21.3166,S,First,man,True,,Southampton,no,False
0,3,male,41.53209930722914,1,2,33.6301,S,Third,man,True,E,Southampton,no,False
0,1,male,,1,0,0.5966,Q,First,man,True,B,Queenstown,no,False
0,3,male,,0,0,34.1739,C,Third,man,True,,Cherbourg,no,True
1,3,female,,0,0,31.0365,C,Third,woman,False,,Cherbourg,yes,True
0,3,male,39.83569749018858,0,1,11.9411,S,Third,man,True,A,Southampton,no,False
0,3,female,38.913967410558186,0,0,2.8883,S,Third,woman,False,,Southampton,no,True
1,2,female,13.497436484055754,1,0,3.0699,S,Second,child,False,,Southampton,yes,False
0,3,male,4.94292500311219,1,0,82.6529,S,Third,child,False,,Southampton,no,False
1,3,female,7.173038620485297,0,0,37.6373,S,Third,child,False,,Southampton,yes,True
0,2,male,25.782680110451377,0,2,4.3772,S,Second,man,True,,Southampton,no,False
1,1,female,,2,0,14.206,C,First,woman,False,,Cherbourg,yes,False
0,3,male,13.686036476082023,4,0,28.9051,C,Third,child,False,D,Cherbourg,no,False
0,2,female,,0,2,58.13,S,Second,woman,False,,Southampton,no,False
0,1,male,,0,0,1.4375,C,First,man,True,,Cherbourg,no,True
1,2,male,22.555049437685856,0,0,8.6945,C,Second,man,True,,Cherbourg,yes,True
0,2,male,17.576448559745792,3,0,71.0009,S,Second,man,True,,Southampton,no,False
0,3,female,,0,0,0.2965,S,Third,woman,False,,Southampton,no,True
0,3,male,33.02505486230238,0,0,7.2416,S,Third,man,True,G,Southampton,no,True
1,3,male,54.533681836159246,0,0,102.8717,S,Third,man,True,,Southampton,yes,True
0,1,female,28.79136440877783,0,0,30.6019,S,First,woman,False,,Southampton,no,True
1,2,female,2.8658411954246397,0,0,9.7684,S,Second,child,False,,Southampton,yes,True
0,3,female,41.01497076843847,8,1,2.2328,S,Third,woman,False,,Southampton,no,False
0,1,female,6.140429143506655,0,1,0.9208,S,First,child,False,,Southampton,no,False
0,2,female,12.169001243656812,0,0,9.0385,C,Second,child,False,,Cherbourg,no,True
0,3,female,26.24409650145322,0,0,68.6737,S,Third,woman,False,A,Southampton,no,True
0,1,male,31.48122985883287,0,0,17.3141,C,First,man,True,F,Cherbourg,no,True
0,3,male,15.074371983080987,0,0,41.0279,S,Third,child,False,,Southampton,no,True
1,1,female,25.67891717979328,0,1,80.6455,S,First,woman,False,F,Southampton,yes,False
0,1,male,40.06985481102993,0,0,16.883,n,First,man,True,,,no,True
0,2,male,42.05659382971626,0,0,6.836,S,Second,man,True,F,Southampton,no,True
0,3,male,47.84611811630684,0,0,23.441,S,Third,man,True,A,Southampton,no,True
0,3,female,57.38657045825566,0,0,76.8574,C,Third,woman,False,D,Cherbourg,no,True
0,3,male,41.44339516408619,4,0,52.536,S,Third,man,True,,Southampton,no,False
0,3,male,26.557320541138512,3,0,2.1927,S,Third,man,True,,Southampton,no,False
0,1,male,42.1600499712831,0,4,37.9804,S,First,man,True,,Southampton,no,False
1,3,male,36.46738539307514,0,1,27.3182,C,Third,man,True,A,Cherbourg,yes,False
1,3,male,37.04232117413069,1,0,76.6408,S,Third,man,True,,Southampton,yes,False
0,3,male,,0,0,4.2072,S,Third,man,True,,Southampton,no,True
0,1,male,16.475215518768355,1,2,24.5894,S,First,man,True,,Southampton,no,False
1,3,female,14.792602086582013,3,0,68.1286,S,Third,child,False,E,Southampton,yes,False
0,1,male,28.291786084410433,0,0,16.9911,C,First,man,True,,Cherbourg,no,True
0,2,female,31.859196099772394,0,0,21.1802,S,Second,woman,False,,Southampton,no,True
0,3,female,,4,1,2.3527,S,Third,woman,False,,Southampton,no,False
1,3,male,35.838458254824346,0,0,10.4949,S,Third,man,True,,Southampton,yes,True
1,2,female,,0,0,12.6324,C,Second,woman,False,,Cherbourg,yes,True
0,2,male,,0,1,93.4654,S,Second,man,True,,Southampton,no,False
0,3,female,38.14254492467453,0,2,10.6973,C,Third,woman,False,,Cherbourg,no,False
0,3,male,28.74336799708325,1,2,19.893,C,Third,man,True,C,Cherbourg,no,False
1,3,female,,1,0,35.8265,S,Third,woman,False,A,Southampton,yes,False
0,3,male,,8,0,5.698,S,Third,man,True,,Southampton,no,False
0,3,male,27.58213166681608,0,0,21.4579,S,Third,man,True,,Southampton,no,True
1,2,male,31.577756539617436,0,0,43.1953,C,Second,man,True,,Cherbourg,yes,True
0,3,female,25.32630868873872,0,0,64.9254,S,Third,woman,False,,Southampton,no,True
1,2,female,,0,0,31.691,S,Second,woman,False,,Southampton,yes,True
0,2,male,26.308232055655427,0,1,35.6067,C,Second,man,True,,Cherbourg,no,False
0,3,male,,4,0,4.347,S,Third,man,True,,Southampton,no,False
0,1,male,39.17130010341449,1,0,93.8514,S,First,man,True,,Southampton,no,False
1,3,female,2.6495960343672245,0,0,4.5797,S,Third,child,False,,Southampton,yes,True
